{
  "width": 515,
  "height": 592,
  "cx": [
    [ "Avoir", 265 ],
    [ "Table_Activite", 416 ],
    [ "Table_Entreprise", 265 ],
    [ "Table_Region", 99 ],
    [ "Localiser", 265 ]
  ],
  "cy": [
    [ "Avoir", 72 ],
    [ "Table_Activite", 72 ],
    [ "Table_Entreprise", 296 ],
    [ "Table_Region", 520 ],
    [ "Localiser", 520 ]
  ],
  "shift": [
    [ "Avoir,Table_Entreprise,0", 0 ],
    [ "Avoir,Table_Activite,0", 0 ],
    [ "Localiser,Table_Entreprise,0", 0 ],
    [ "Localiser,Table_Region,0", 0 ]
  ],
  "ratio": []
}